quality_cutoff	ptm	roi	n_aa_ptm	n_aa_roi	n_ptm_in_roi	n_ptm_not_in_roi	n_naked_in_roi	n_naked_not_in_roi	oddsr	p	p_adj_bf	p_adj_bh
0	p	kinase_motif	214371	1383958	188583	25788	1195375	285689	1.7477295485104851	0.0	0.0	0.0
0	p_reg	kinase_motif	8658	1383958	8099	559	1375859	310918	3.2740968910466877	2.534710272477945e-228	7.604130817433835e-228	2.534710272477945e-228
0	p_stukalov	kinase_motif	15052	1383958	14187	865	1369771	310612	3.7191588148802546	0.0	0.0	0.0
