quality_cutoff	ptm	roi	n_aa_ptm	n_aa_roi	n_ptm_in_roi	n_ptm_not_in_roi	n_naked_in_roi	n_naked_not_in_roi	oddsr	p	p_adj_bf	p_adj_bh
0	p	high_acc_5	188583	1168938	170748	17835	998190	197185	1.891224876488176	0.0	0.0	0.0
0	p_reg	high_acc_5	8099	1168938	7428	671	1161510	214349	2.0429036456102976	7.251563412544262e-85	2.1754690237632784e-84	7.251563412544262e-85
0	p_stukalov	high_acc_5	14187	1168938	14036	151	1154902	214869	17.29398354616276	0.0	0.0	0.0
