quality_cutoff	ptm	roi	n_aa_ptm	n_aa_roi	n_ptm_in_roi	n_ptm_not_in_roi	n_naked_in_roi	n_naked_not_in_roi	oddsr	p	p_adj_bf	p_adj_bh
0	p	IDR	214371	746685	134767	79604	611918	869146	2.404629535248109	0.0	0.0	0.0
0	p_reg	IDR	8658	746685	5960	2698	740725	946052	2.8213847846713	0.0	0.0	0.0
0	p_stukalov	IDR	15052	746685	13632	1420	733053	947330	12.406153443202607	0.0	0.0	0.0
0	p_sugiyama	IDR	19338	746685	8131	11207	738554	937543	0.9210082704810227	1.8636234232511197e-08	1.1181740539506718e-07	1.8636234232511197e-08
0	p_sugiyama_psp	IDR	12170	746685	6198	5972	740487	942778	1.3213679660435198	7.834905000387286e-53	4.700943000232372e-52	9.401886000464743e-53
0	p_sugiyama_stukalov	IDR	1742	746685	1429	313	745256	948437	5.810197540542794	7.750902008751437e-234	4.650541205250862e-233	1.1626353013127156e-233
